"","HC","HC.TL","PC.stable","PCS.TL"
"HC",NA,0.0444030560674029,0.637489143769928,0.130019412939378
"HC.TL",0.0444030560674029,NA,0.00356514121555929,0.637489143769928
"PC.stable",0.637489143769928,0.00356514121555929,NA,0.0361101145834994
"PCS.TL",0.130019412939378,0.637489143769928,0.0361101145834994,NA
