"","HC","HC.TL","PC.stable","PCS.TL"
"HC",NA,7.07212074386732e-05,0.018849198298168,0.711923150692189
"HC.TL",7.07212074386732e-05,NA,3.89275278678269e-11,1.98979563885704e-05
"PC.stable",0.018849198298168,3.89275278678269e-11,NA,0.018849198298168
"PCS.TL",0.711923150692189,1.98979563885704e-05,0.018849198298168,NA
