"","HC","HC.TL","PC.stable","PCS.TL"
"HC",NA,0.0441004347561842,0.0441004347561842,0.000769091737293337
"HC.TL",0.0441004347561842,NA,2.36618257101195e-05,0.13964939861043
"PC.stable",0.0441004347561842,2.36618257101195e-05,NA,1.65551372610651e-08
"PCS.TL",0.000769091737293337,0.13964939861043,1.65551372610651e-08,NA
