"","HC","HC.TL","PC.stable","PCS.TL"
"HC",NA,0.000271989947800311,0.000887608644113858,0.824652777436814
"HC.TL",0.000271989947800311,NA,1.58406621153517e-12,0.000443693361326325
"PC.stable",0.000887608644113858,1.58406621153517e-12,NA,0.000887608644113858
"PCS.TL",0.824652777436814,0.000443693361326325,0.000887608644113858,NA
